{"Train Loss": 1.4997429847717285, "Train Accuracy": 0.4841685891151428, "Validation Loss": 1.3094165325164795, "Validation Accuracy": 0.5346873998641968, "_timestamp": 1698773156.7494874, "_runtime": 1936.4351654052734, "_step": 0, "_wandb": {"runtime": 1934}}