{"Train Loss": 1.490789532661438, "Train Accuracy": 0.48707833886146545, "Validation Loss": 1.2940490245819092, "Validation Accuracy": 0.5406512022018433, "_timestamp": 1698777820.1073372, "_runtime": 1461.8281562328339, "_step": 0, "_wandb": {"runtime": 1460}}