{"Train Loss": 1.3167718648910522, "Train Accuracy": 0.5293803811073303, "Validation Loss": 1.200211763381958, "Validation Accuracy": 0.5658254027366638, "_timestamp": 1698790257.8465717, "_runtime": 1439.737125635147, "_step": 0, "_wandb": {"runtime": 1437}}