{"Train Loss": 1.3497313261032104, "Train Accuracy": 0.5220903158187866, "Validation Loss": 1.2040987014770508, "Validation Accuracy": 0.5616196393966675, "_timestamp": 1698788809.3675807, "_runtime": 1680.2398746013641, "_step": 0, "_wandb": {"runtime": 1679}}