{"Train Loss": 1.5229237079620361, "Train Accuracy": 0.4761870801448822, "Validation Loss": 1.3105363845825195, "Validation Accuracy": 0.5369605422019958, "_timestamp": 1698771211.5781732, "_runtime": 2686.5103681087494, "_step": 0, "_wandb": {"runtime": 2685}}