{"Train Loss": 1.490024209022522, "Train Accuracy": 0.480780690908432, "Validation Loss": 1.304742693901062, "Validation Accuracy": 0.5425158739089966, "_timestamp": 1698776349.9836571, "_runtime": 1467.158566236496, "_step": 0, "_wandb": {"runtime": 1465}}