{"Train Loss": 1.4823065996170044, "Train Accuracy": 0.4849337935447693, "Validation Loss": 1.2942070960998535, "Validation Accuracy": 0.5403411984443665, "_timestamp": 1698781482.182595, "_runtime": 3652.3514819145203, "_step": 0, "_wandb": {"runtime": 3650}}