{"Train Loss": 1.3920401334762573, "Train Accuracy": 0.5099660754203796, "Validation Loss": 1.2373844385147095, "Validation Accuracy": 0.5550567507743835, "_timestamp": 1698784695.2182117, "_runtime": 1463.2467527389526, "_step": 0, "_wandb": {"runtime": 1461}}