{"Train Loss": 1.4545906782150269, "Train Accuracy": 0.4946317970752716, "Validation Loss": 1.2756197452545166, "Validation Accuracy": 0.5495542883872986, "_timestamp": 1698783223.807893, "_runtime": 1733.8416330814362, "_step": 0, "_wandb": {"runtime": 1732}}