{"Train Loss": 1.4998910427093506, "Train Accuracy": 0.48503533005714417, "Validation Loss": 1.2999918460845947, "Validation Accuracy": 0.5385968685150146, "_timestamp": 1698774874.6565597, "_runtime": 1708.7971765995026, "_step": 0, "_wandb": {"runtime": 1707}}