{"Train Loss": 1.3817832469940186, "Train Accuracy": 0.5096835494041443, "Validation Loss": 1.2287707328796387, "Validation Accuracy": 0.5589190125465393, "_timestamp": 1698787119.671722, "_runtime": 2415.7874920368195, "_step": 0, "_wandb": {"runtime": 2412}}