{"Train Loss": 1.5196858644485474, "Train Accuracy": 0.4781430959701538, "Validation Loss": 0.538533627986908, "Validation Accuracy": 1.3069567680358887, "_timestamp": 1698768119.855775, "_runtime": 1958.921361207962, "_step": 0, "_wandb": {"runtime": 1957}}